model,accuracy,precision,recall,f1_score,roc_auc,pr_auc,false_positives,false_negatives,true_positives,true_negatives
Logistic Regression,0.8947401569135536,0.030729513657561627,0.8601398601398601,0.05933906890729276,0.964672266419997,0.1730002147748853,11639,60,369,99076
XGBoost,0.9835708630245448,0.184365115228197,0.951048951048951,0.30885692657077973,0.994951874060396,0.7949519519697127,1805,21,408,108910
